id,kode_provinsi,nama_provinsi,kode_kabupaten_kota,nama_kabupaten_kota,nama_wilayah,jumlah,satuan,bulan,tahun
1,32,"JAWA
  BARAT",3274,"KOTA
  CIREBON","KOTA
  CIREBON",513,ORANG,JANUARI,2024
2,32,"JAWA
  BARAT",3274,"KOTA
  CIREBON","KAB
  CIREBON",1127,ORANG,JANUARI,2024
3,32,"JAWA
  BARAT",3274,"KOTA
  CIREBON",KUNINGAN,140,ORANG,JANUARI,2024
4,32,"JAWA
  BARAT",3274,"KOTA
  CIREBON",INDRAMAYU,123,ORANG,JANUARI,2024
5,32,"JAWA
  BARAT",3274,"KOTA
  CIREBON",MAJALENGKA,86,ORANG,JANUARI,2024
6,32,"JAWA
  BARAT",3274,"KOTA
  CIREBON",LAIN-LAIN,125,ORANG,JANUARI,2024
7,32,"JAWA
  BARAT",3274,"KOTA
  CIREBON","KOTA
  CIREBON",505,ORANG,FEBRUARI,2024
8,32,"JAWA
  BARAT",3274,"KOTA
  CIREBON","KAB
  CIREBON",1138,ORANG,FEBRUARI,2024
9,32,"JAWA
  BARAT",3274,"KOTA
  CIREBON",KUNINGAN,126,ORANG,FEBRUARI,2024
10,32,"JAWA
  BARAT",3274,"KOTA
  CIREBON",INDRAMAYU,104,ORANG,FEBRUARI,2024
11,32,"JAWA
  BARAT",3274,"KOTA
  CIREBON",MAJALENGKA,61,ORANG,FEBRUARI,2024
12,32,"JAWA
  BARAT",3274,"KOTA
  CIREBON",LAIN-LAIN,94,ORANG,FEBRUARI,2024
13,32,"JAWA
  BARAT",3274,"KOTA
  CIREBON","KOTA
  CIREBON",609,ORANG,MARET,2024
14,32,"JAWA
  BARAT",3274,"KOTA
  CIREBON","KAB
  CIREBON",1289,ORANG,MARET,2024
15,32,"JAWA
  BARAT",3274,"KOTA
  CIREBON",KUNINGAN,145,ORANG,MARET,2024
16,32,"JAWA
  BARAT",3274,"KOTA
  CIREBON",INDRAMAYU,112,ORANG,MARET,2024
17,32,"JAWA
  BARAT",3274,"KOTA
  CIREBON",MAJALENGKA,69,ORANG,MARET,2024
18,32,"JAWA
  BARAT",3274,"KOTA
  CIREBON",LAIN-LAIN,86,ORANG,MARET,2024
19,32,"JAWA
  BARAT",3274,"KOTA
  CIREBON","KOTA
  CIREBON",569,ORANG,APRIL,2024
20,32,"JAWA
  BARAT",3274,"KOTA
  CIREBON","KAB
  CIREBON",1191,ORANG,APRIL,2024
21,32,"JAWA
  BARAT",3274,"KOTA
  CIREBON",KUNINGAN,120,ORANG,APRIL,2024
22,32,"JAWA
  BARAT",3274,"KOTA
  CIREBON",INDRAMAYU,96,ORANG,APRIL,2024
23,32,"JAWA
  BARAT",3274,"KOTA
  CIREBON",MAJALENGKA,64,ORANG,APRIL,2024
24,32,"JAWA
  BARAT",3274,"KOTA
  CIREBON",LAIN-LAIN,121,ORANG,APRIL,2024
25,32,"JAWA
  BARAT",3274,"KOTA
  CIREBON","KOTA
  CIREBON",602,ORANG,MEI,2024
26,32,"JAWA
  BARAT",3274,"KOTA
  CIREBON","KAB
  CIREBON",1443,ORANG,MEI,2024
27,32,"JAWA
  BARAT",3274,"KOTA
  CIREBON",KUNINGAN,125,ORANG,MEI,2024
28,32,"JAWA
  BARAT",3274,"KOTA
  CIREBON",INDRAMAYU,146,ORANG,MEI,2024
29,32,"JAWA
  BARAT",3274,"KOTA
  CIREBON",MAJALENGKA,80,ORANG,MEI,2024
30,32,"JAWA
  BARAT",3274,"KOTA
  CIREBON",LAIN-LAIN,129,ORANG,MEI,2024
31,32,"JAWA
  BARAT",3274,"KOTA
  CIREBON","KOTA
  CIREBON",542,ORANG,JUNI,2024
32,32,"JAWA
  BARAT",3274,"KOTA
  CIREBON","KAB
  CIREBON",1182,ORANG,JUNI,2024
33,32,"JAWA
  BARAT",3274,"KOTA
  CIREBON",KUNINGAN,149,ORANG,JUNI,2024
34,32,"JAWA
  BARAT",3274,"KOTA
  CIREBON",INDRAMAYU,125,ORANG,JUNI,2024
35,32,"JAWA
  BARAT",3274,"KOTA
  CIREBON",MAJALENGKA,76,ORANG,JUNI,2024
36,32,"JAWA
  BARAT",3274,"KOTA
  CIREBON",LAIN-LAIN,119,ORANG,JUNI,2024
37,32,"JAWA
  BARAT",3274,"KOTA
  CIREBON","KOTA
  CIREBON",568,ORANG,JULI,2024
38,32,"JAWA
  BARAT",3274,"KOTA
  CIREBON","KAB
  CIREBON",1172,ORANG,JULI,2024
39,32,"JAWA
  BARAT",3274,"KOTA
  CIREBON",KUNINGAN,154,ORANG,JULI,2024
40,32,"JAWA
  BARAT",3274,"KOTA
  CIREBON",INDRAMAYU,143,ORANG,JULI,2024
41,32,"JAWA
  BARAT",3274,"KOTA
  CIREBON",MAJALENGKA,88,ORANG,JULI,2024
42,32,"JAWA
  BARAT",3274,"KOTA
  CIREBON",LAIN-LAIN,134,ORANG,JULI,2024
43,32,"JAWA
  BARAT",3274,"KOTA
  CIREBON","KOTA
  CIREBON",532,ORANG,AGUSTUS,2024
44,32,"JAWA
  BARAT",3274,"KOTA
  CIREBON","KAB
  CIREBON",1155,ORANG,AGUSTUS,2024
45,32,"JAWA
  BARAT",3274,"KOTA
  CIREBON",KUNINGAN,168,ORANG,AGUSTUS,2024
46,32,"JAWA
  BARAT",3274,"KOTA
  CIREBON",INDRAMAYU,155,ORANG,AGUSTUS,2024
47,32,"JAWA
  BARAT",3274,"KOTA
  CIREBON",MAJALENGKA,94,ORANG,AGUSTUS,2024
48,32,"JAWA
  BARAT",3274,"KOTA
  CIREBON",LAIN-LAIN,107,ORANG,AGUSTUS,2024
49,32,"JAWA
  BARAT",3274,"KOTA
  CIREBON","KOTA
  CIREBON",518,ORANG,SEPTEMBER,2024
50,32,"JAWA
  BARAT",3274,"KOTA
  CIREBON","KAB
  CIREBON",1119,ORANG,SEPTEMBER,2024
51,32,"JAWA
  BARAT",3274,"KOTA
  CIREBON",KUNINGAN,164,ORANG,SEPTEMBER,2024
52,32,"JAWA
  BARAT",3274,"KOTA
  CIREBON",INDRAMAYU,135,ORANG,SEPTEMBER,2024
53,32,"JAWA
  BARAT",3274,"KOTA
  CIREBON",MAJALENGKA,78,ORANG,SEPTEMBER,2024
54,32,"JAWA
  BARAT",3274,"KOTA
  CIREBON",LAIN-LAIN,97,ORANG,SEPTEMBER,2024
55,32,"JAWA
  BARAT",3274,"KOTA
  CIREBON","KOTA
  CIREBON",616,ORANG,OKTOBER,2024
56,32,"JAWA
  BARAT",3274,"KOTA
  CIREBON","KAB
  CIREBON",1317,ORANG,OKTOBER,2024
57,32,"JAWA
  BARAT",3274,"KOTA
  CIREBON",KUNINGAN,186,ORANG,OKTOBER,2024
58,32,"JAWA
  BARAT",3274,"KOTA
  CIREBON",INDRAMAYU,147,ORANG,OKTOBER,2024
59,32,"JAWA
  BARAT",3274,"KOTA
  CIREBON",MAJALENGKA,88,ORANG,OKTOBER,2024
60,32,"JAWA
  BARAT",3274,"KOTA
  CIREBON",LAIN-LAIN,114,ORANG,OKTOBER,2024
61,32,"JAWA
  BARAT",3274,"KOTA
  CIREBON","KOTA
  CIREBON",542,ORANG,NOVEMBER,2024
62,32,"JAWA
  BARAT",3274,"KOTA
  CIREBON","KAB
  CIREBON",1279,ORANG,NOVEMBER,2024
63,32,"JAWA
  BARAT",3274,"KOTA
  CIREBON",KUNINGAN,179,ORANG,NOVEMBER,2024
64,32,"JAWA
  BARAT",3274,"KOTA
  CIREBON",INDRAMAYU,148,ORANG,NOVEMBER,2024
65,32,"JAWA
  BARAT",3274,"KOTA
  CIREBON",MAJALENGKA,89,ORANG,NOVEMBER,2024
66,32,"JAWA
  BARAT",3274,"KOTA
  CIREBON",LAIN-LAIN,81,ORANG,NOVEMBER,2024
67,32,"JAWA
  BARAT",3274,"KOTA
  CIREBON","KOTA
  CIREBON",615,ORANG,DESEMBER,2024
68,32,"JAWA
  BARAT",3274,"KOTA
  CIREBON","KAB
  CIREBON",1410,ORANG,DESEMBER,2024
69,32,"JAWA
  BARAT",3274,"KOTA
  CIREBON",KUNINGAN,151,ORANG,DESEMBER,2024
70,32,"JAWA
  BARAT",3274,"KOTA
  CIREBON",INDRAMAYU,133,ORANG,DESEMBER,2024
71,32,"JAWA
  BARAT",3274,"KOTA
  CIREBON",MAJALENGKA,79,ORANG,DESEMBER,2024
72,32,"JAWA
  BARAT",3274,"KOTA
  CIREBON",LAIN-LAIN,87,ORANG,DESEMBER,2024
73,32,"JAWA
  BARAT",3274,"KOTA
  CIREBON","KOTA
  CIREBON",421,ORANG,JANUARI,2023
74,32,"JAWA
  BARAT",3274,"KOTA
  CIREBON","KAB
  CIREBON",959,ORANG,JANUARI,2023
75,32,"JAWA
  BARAT",3274,"KOTA
  CIREBON",KUNINGAN,156,ORANG,JANUARI,2023
76,32,"JAWA
  BARAT",3274,"KOTA
  CIREBON",INDRAMAYU,150,ORANG,JANUARI,2023
77,32,"JAWA
  BARAT",3274,"KOTA
  CIREBON",MAJALENGKA,78,ORANG,JANUARI,2023
78,32,"JAWA
  BARAT",3274,"KOTA
  CIREBON",LAIN-LAIN,32,ORANG,JANUARI,2023
79,32,"JAWA
  BARAT",3274,"KOTA
  CIREBON","KOTA
  CIREBON",460,ORANG,FEBRUARI,2023
80,32,"JAWA
  BARAT",3274,"KOTA
  CIREBON","KAB
  CIREBON",817,ORANG,FEBRUARI,2023
81,32,"JAWA
  BARAT",3274,"KOTA
  CIREBON",KUNINGAN,134,ORANG,FEBRUARI,2023
82,32,"JAWA
  BARAT",3274,"KOTA
  CIREBON",INDRAMAYU,123,ORANG,FEBRUARI,2023
83,32,"JAWA
  BARAT",3274,"KOTA
  CIREBON",MAJALENGKA,72,ORANG,FEBRUARI,2023
84,32,"JAWA
  BARAT",3274,"KOTA
  CIREBON",LAIN-LAIN,71,ORANG,FEBRUARI,2023
85,32,"JAWA
  BARAT",3274,"KOTA
  CIREBON","KOTA
  CIREBON",462,ORANG,MARET,2023
86,32,"JAWA
  BARAT",3274,"KOTA
  CIREBON","KAB
  CIREBON",929,ORANG,MARET,2023
87,32,"JAWA
  BARAT",3274,"KOTA
  CIREBON",KUNINGAN,156,ORANG,MARET,2023
88,32,"JAWA
  BARAT",3274,"KOTA
  CIREBON",INDRAMAYU,118,ORANG,MARET,2023
89,32,"JAWA
  BARAT",3274,"KOTA
  CIREBON",MAJALENGKA,70,ORANG,MARET,2023
90,32,"JAWA
  BARAT",3274,"KOTA
  CIREBON",LAIN-LAIN,67,ORANG,MARET,2023
91,32,"JAWA
  BARAT",3274,"KOTA
  CIREBON","KOTA
  CIREBON",374,ORANG,APRIL,2023
92,32,"JAWA
  BARAT",3274,"KOTA
  CIREBON","KAB
  CIREBON",771,ORANG,APRIL,2023
93,32,"JAWA
  BARAT",3274,"KOTA
  CIREBON",KUNINGAN,109,ORANG,APRIL,2023
94,32,"JAWA
  BARAT",3274,"KOTA
  CIREBON",INDRAMAYU,85,ORANG,APRIL,2023
95,32,"JAWA
  BARAT",3274,"KOTA
  CIREBON",MAJALENGKA,48,ORANG,APRIL,2023
96,32,"JAWA
  BARAT",3274,"KOTA
  CIREBON",LAIN-LAIN,78,ORANG,APRIL,2023
97,32,"JAWA
  BARAT",3274,"KOTA
  CIREBON","KOTA
  CIREBON",476,ORANG,MEI,2023
98,32,"JAWA
  BARAT",3274,"KOTA
  CIREBON","KAB
  CIREBON",1023,ORANG,MEI,2023
99,32,"JAWA
  BARAT",3274,"KOTA
  CIREBON",KUNINGAN,144,ORANG,MEI,2023
100,32,"JAWA
  BARAT",3274,"KOTA
  CIREBON",INDRAMAYU,131,ORANG,MEI,2023
101,32,"JAWA
  BARAT",3274,"KOTA
  CIREBON",MAJALENGKA,67,ORANG,MEI,2023
102,32,"JAWA
  BARAT",3274,"KOTA
  CIREBON",LAIN-LAIN,89,ORANG,MEI,2023
103,32,"JAWA
  BARAT",3274,"KOTA
  CIREBON","KOTA
  CIREBON",434,ORANG,JUNI,2023
104,32,"JAWA
  BARAT",3274,"KOTA
  CIREBON","KAB
  CIREBON",908,ORANG,JUNI,2023
105,32,"JAWA
  BARAT",3274,"KOTA
  CIREBON",KUNINGAN,118,ORANG,JUNI,2023
106,32,"JAWA
  BARAT",3274,"KOTA
  CIREBON",INDRAMAYU,127,ORANG,JUNI,2023
107,32,"JAWA
  BARAT",3274,"KOTA
  CIREBON",MAJALENGKA,62,ORANG,JUNI,2023
108,32,"JAWA
  BARAT",3274,"KOTA
  CIREBON",LAIN-LAIN,86,ORANG,JUNI,2023
109,32,"JAWA
  BARAT",3274,"KOTA
  CIREBON","KOTA
  CIREBON",487,ORANG,JULI,2023
110,32,"JAWA
  BARAT",3274,"KOTA
  CIREBON","KAB
  CIREBON",996,ORANG,JULI,2023
111,32,"JAWA
  BARAT",3274,"KOTA
  CIREBON",KUNINGAN,129,ORANG,JULI,2023
112,32,"JAWA
  BARAT",3274,"KOTA
  CIREBON",INDRAMAYU,115,ORANG,JULI,2023
113,32,"JAWA
  BARAT",3274,"KOTA
  CIREBON",MAJALENGKA,69,ORANG,JULI,2023
114,32,"JAWA
  BARAT",3274,"KOTA
  CIREBON",LAIN-LAIN,78,ORANG,JULI,2023
115,32,"JAWA
  BARAT",3274,"KOTA
  CIREBON","KOTA
  CIREBON",399,ORANG,AGUSTUS,2023
116,32,"JAWA
  BARAT",3274,"KOTA
  CIREBON","KAB
  CIREBON",653,ORANG,AGUSTUS,2023
117,32,"JAWA
  BARAT",3274,"KOTA
  CIREBON",KUNINGAN,252,ORANG,AGUSTUS,2023
118,32,"JAWA
  BARAT",3274,"KOTA
  CIREBON",INDRAMAYU,286,ORANG,AGUSTUS,2023
119,32,"JAWA
  BARAT",3274,"KOTA
  CIREBON",MAJALENGKA,233,ORANG,AGUSTUS,2023
120,32,"JAWA
  BARAT",3274,"KOTA
  CIREBON",LAIN-LAIN,199,ORANG,AGUSTUS,2023
121,32,"JAWA
  BARAT",3274,"KOTA
  CIREBON","KOTA
  CIREBON",463,ORANG,SEPTEMBER,2023
122,32,"JAWA
  BARAT",3274,"KOTA
  CIREBON","KAB
  CIREBON",534,ORANG,SEPTEMBER,2023
123,32,"JAWA
  BARAT",3274,"KOTA
  CIREBON",KUNINGAN,288,ORANG,SEPTEMBER,2023
124,32,"JAWA
  BARAT",3274,"KOTA
  CIREBON",INDRAMAYU,267,ORANG,SEPTEMBER,2023
125,32,"JAWA
  BARAT",3274,"KOTA
  CIREBON",MAJALENGKA,265,ORANG,SEPTEMBER,2023
126,32,"JAWA
  BARAT",3274,"KOTA
  CIREBON",LAIN-LAIN,259,ORANG,SEPTEMBER,2023
127,32,"JAWA
  BARAT",3274,"KOTA
  CIREBON","KOTA
  CIREBON",626,ORANG,OKTOBER,2023
128,32,"JAWA
  BARAT",3274,"KOTA
  CIREBON","KAB
  CIREBON",1286,ORANG,OKTOBER,2023
129,32,"JAWA
  BARAT",3274,"KOTA
  CIREBON",KUNINGAN,129,ORANG,OKTOBER,2023
130,32,"JAWA
  BARAT",3274,"KOTA
  CIREBON",INDRAMAYU,131,ORANG,OKTOBER,2023
131,32,"JAWA
  BARAT",3274,"KOTA
  CIREBON",MAJALENGKA,87,ORANG,OKTOBER,2023
132,32,"JAWA
  BARAT",3274,"KOTA
  CIREBON",LAIN-LAIN,143,ORANG,OKTOBER,2023
133,32,"JAWA
  BARAT",3274,"KOTA
  CIREBON","KOTA
  CIREBON",518,ORANG,NOVEMBER,2023
134,32,"JAWA
  BARAT",3274,"KOTA
  CIREBON","KAB
  CIREBON",1182,ORANG,NOVEMBER,2023
135,32,"JAWA
  BARAT",3274,"KOTA
  CIREBON",KUNINGAN,132,ORANG,NOVEMBER,2023
136,32,"JAWA
  BARAT",3274,"KOTA
  CIREBON",INDRAMAYU,130,ORANG,NOVEMBER,2023
137,32,"JAWA
  BARAT",3274,"KOTA
  CIREBON",MAJALENGKA,78,ORANG,NOVEMBER,2023
138,32,"JAWA
  BARAT",3274,"KOTA
  CIREBON",LAIN-LAIN,173,ORANG,NOVEMBER,2023
139,32,"JAWA
  BARAT",3274,"KOTA
  CIREBON","KOTA
  CIREBON",455,ORANG,DESEMBER,2023
140,32,"JAWA
  BARAT",3274,"KOTA
  CIREBON","KAB
  CIREBON",1083,ORANG,DESEMBER,2023
141,32,"JAWA
  BARAT",3274,"KOTA
  CIREBON",KUNINGAN,111,ORANG,DESEMBER,2023
142,32,"JAWA
  BARAT",3274,"KOTA
  CIREBON",INDRAMAYU,157,ORANG,DESEMBER,2023
143,32,"JAWA
  BARAT",3274,"KOTA
  CIREBON",MAJALENGKA,78,ORANG,DESEMBER,2023
144,32,"JAWA
  BARAT",3274,"KOTA
  CIREBON",LAIN-LAIN,111,ORANG,DESEMBER,2023
145,32,JAWA BARAT,3274,KOTA CIREBON,KOTA CIREBON,391,ORANG,JANUARI,2022
146,32,JAWA BARAT,3274,KOTA CIREBON,KAB CIREBON,690,ORANG,JANUARI,2022
147,32,JAWA BARAT,3274,KOTA CIREBON,KUNINGAN,82,ORANG,JANUARI,2022
148,32,JAWA BARAT,3274,KOTA CIREBON,INDRAMAYU,101,ORANG,JANUARI,2022
149,32,JAWA BARAT,3274,KOTA CIREBON,MAJALENGKA,50,ORANG,JANUARI,2022
150,32,JAWA BARAT,3274,KOTA CIREBON,LAIN-LAIN,38,ORANG,JANUARI,2022
151,32,JAWA BARAT,3274,KOTA CIREBON,KOTA CIREBON,328,ORANG,FEBRUARI,2022
152,32,JAWA BARAT,3274,KOTA CIREBON,KAB CIREBON,573,ORANG,FEBRUARI,2022
153,32,JAWA BARAT,3274,KOTA CIREBON,KUNINGAN,59,ORANG,FEBRUARI,2022
154,32,JAWA BARAT,3274,KOTA CIREBON,INDRAMAYU,81,ORANG,FEBRUARI,2022
155,32,JAWA BARAT,3274,KOTA CIREBON,MAJALENGKA,68,ORANG,FEBRUARI,2022
156,32,JAWA BARAT,3274,KOTA CIREBON,LAIN-LAIN,56,ORANG,FEBRUARI,2022
157,32,JAWA BARAT,3274,KOTA CIREBON,KOTA CIREBON,302,ORANG,MARET,2022
158,32,JAWA BARAT,3274,KOTA CIREBON,KAB CIREBON,563,ORANG,MARET,2022
159,32,JAWA BARAT,3274,KOTA CIREBON,KUNINGAN,74,ORANG,MARET,2022
160,32,JAWA BARAT,3274,KOTA CIREBON,INDRAMAYU,89,ORANG,MARET,2022
161,32,JAWA BARAT,3274,KOTA CIREBON,MAJALENGKA,45,ORANG,MARET,2022
162,32,JAWA BARAT,3274,KOTA CIREBON,LAIN-LAIN,50,ORANG,MARET,2022
163,32,JAWA BARAT,3274,KOTA CIREBON,KOTA CIREBON,275,ORANG,APRIL,2022
164,32,JAWA BARAT,3274,KOTA CIREBON,KAB CIREBON,559,ORANG,APRIL,2022
165,32,JAWA BARAT,3274,KOTA CIREBON,KUNINGAN,68,ORANG,APRIL,2022
166,32,JAWA BARAT,3274,KOTA CIREBON,INDRAMAYU,85,ORANG,APRIL,2022
167,32,JAWA BARAT,3274,KOTA CIREBON,MAJALENGKA,49,ORANG,APRIL,2022
168,32,JAWA BARAT,3274,KOTA CIREBON,LAIN-LAIN,34,ORANG,APRIL,2022
169,32,JAWA BARAT,3274,KOTA CIREBON,KOTA CIREBON,355,ORANG,MEI,2022
170,32,JAWA BARAT,3274,KOTA CIREBON,KAB CIREBON,628,ORANG,MEI,2022
171,32,JAWA BARAT,3274,KOTA CIREBON,KUNINGAN,61,ORANG,MEI,2022
172,32,JAWA BARAT,3274,KOTA CIREBON,INDRAMAYU,56,ORANG,MEI,2022
173,32,JAWA BARAT,3274,KOTA CIREBON,MAJALENGKA,48,ORANG,MEI,2022
174,32,JAWA BARAT,3274,KOTA CIREBON,LAIN-LAIN,57,ORANG,MEI,2022
175,32,JAWA BARAT,3274,KOTA CIREBON,KOTA CIREBON,429,ORANG,JUNI,2022
176,32,JAWA BARAT,3274,KOTA CIREBON,KAB CIREBON,817,ORANG,JUNI,2022
177,32,JAWA BARAT,3274,KOTA CIREBON,KUNINGAN,91,ORANG,JUNI,2022
178,32,JAWA BARAT,3274,KOTA CIREBON,INDRAMAYU,113,ORANG,JUNI,2022
179,32,JAWA BARAT,3274,KOTA CIREBON,MAJALENGKA,59,ORANG,JUNI,2022
180,32,JAWA BARAT,3274,KOTA CIREBON,LAIN-LAIN,50,ORANG,JUNI,2022
181,32,JAWA BARAT,3274,KOTA CIREBON,KOTA CIREBON,390,ORANG,JULI,2022
182,32,JAWA BARAT,3274,KOTA CIREBON,KAB CIREBON,736,ORANG,JULI,2022
183,32,JAWA BARAT,3274,KOTA CIREBON,KUNINGAN,94,ORANG,JULI,2022
184,32,JAWA BARAT,3274,KOTA CIREBON,INDRAMAYU,102,ORANG,JULI,2022
185,32,JAWA BARAT,3274,KOTA CIREBON,MAJALENGKA,55,ORANG,JULI,2022
186,32,JAWA BARAT,3274,KOTA CIREBON,LAIN-LAIN,66,ORANG,JULI,2022
187,32,JAWA BARAT,3274,KOTA CIREBON,KOTA CIREBON,418,ORANG,AGUSTUS,2022
188,32,JAWA BARAT,3274,KOTA CIREBON,KAB CIREBON,875,ORANG,AGUSTUS,2022
189,32,JAWA BARAT,3274,KOTA CIREBON,KUNINGAN,96,ORANG,AGUSTUS,2022
190,32,JAWA BARAT,3274,KOTA CIREBON,INDRAMAYU,115,ORANG,AGUSTUS,2022
191,32,JAWA BARAT,3274,KOTA CIREBON,MAJALENGKA,68,ORANG,AGUSTUS,2022
192,32,JAWA BARAT,3274,KOTA CIREBON,LAIN-LAIN,78,ORANG,AGUSTUS,2022
193,32,JAWA BARAT,3274,KOTA CIREBON,KOTA CIREBON,467,ORANG,SEPTEMBER,2022
194,32,JAWA BARAT,3274,KOTA CIREBON,KAB CIREBON,787,ORANG,SEPTEMBER,2022
195,32,JAWA BARAT,3274,KOTA CIREBON,KUNINGAN,109,ORANG,SEPTEMBER,2022
196,32,JAWA BARAT,3274,KOTA CIREBON,INDRAMAYU,1300,ORANG,SEPTEMBER,2022
197,32,JAWA BARAT,3274,KOTA CIREBON,MAJALENGKA,86,ORANG,SEPTEMBER,2022
198,32,JAWA BARAT,3274,KOTA CIREBON,LAIN-LAIN,72,ORANG,SEPTEMBER,2022
199,32,JAWA BARAT,3274,KOTA CIREBON,KOTA CIREBON,511,ORANG,OKTOBER,2022
200,32,JAWA BARAT,3274,KOTA CIREBON,KAB CIREBON,962,ORANG,OKTOBER,2022
201,32,JAWA BARAT,3274,KOTA CIREBON,KUNINGAN,117,ORANG,OKTOBER,2022
202,32,JAWA BARAT,3274,KOTA CIREBON,INDRAMAYU,133,ORANG,OKTOBER,2022
203,32,JAWA BARAT,3274,KOTA CIREBON,MAJALENGKA,72,ORANG,OKTOBER,2022
204,32,JAWA BARAT,3274,KOTA CIREBON,LAIN-LAIN,79,ORANG,OKTOBER,2022
205,32,JAWA BARAT,3274,KOTA CIREBON,KOTA CIREBON,492,ORANG,NOVEMBER,2022
206,32,JAWA BARAT,3274,KOTA CIREBON,KAB CIREBON,942,ORANG,NOVEMBER,2022
207,32,JAWA BARAT,3274,KOTA CIREBON,KUNINGAN,113,ORANG,NOVEMBER,2022
208,32,JAWA BARAT,3274,KOTA CIREBON,INDRAMAYU,144,ORANG,NOVEMBER,2022
209,32,JAWA BARAT,3274,KOTA CIREBON,MAJALENGKA,75,ORANG,NOVEMBER,2022
210,32,JAWA BARAT,3274,KOTA CIREBON,LAIN-LAIN,79,ORANG,NOVEMBER,2022
211,32,JAWA BARAT,3274,KOTA CIREBON,KOTA CIREBON,487,ORANG,DESEMBER,2022
212,32,JAWA BARAT,3274,KOTA CIREBON,KAB CIREBON,889,ORANG,DESEMBER,2022
213,32,JAWA BARAT,3274,KOTA CIREBON,KUNINGAN,147,ORANG,DESEMBER,2022
214,32,JAWA BARAT,3274,KOTA CIREBON,INDRAMAYU,135,ORANG,DESEMBER,2022
215,32,JAWA BARAT,3274,KOTA CIREBON,MAJALENGKA,66,ORANG,DESEMBER,2022
216,32,JAWA BARAT,3274,KOTA CIREBON,LAIN-LAIN,86,ORANG,DESEMBER,2022
217,32,JAWA BARAT,3274,KOTA CIREBON,KOTA CIREBON,347,ORANG,JANUARI,2021
218,32,JAWA BARAT,3274,KOTA CIREBON,KAB CIREBON,557,ORANG,JANUARI,2021
219,32,JAWA BARAT,3274,KOTA CIREBON,KUNINGAN,50,ORANG,JANUARI,2021
220,32,JAWA BARAT,3274,KOTA CIREBON,INDRAMAYU,107,ORANG,JANUARI,2021
221,32,JAWA BARAT,3274,KOTA CIREBON,MAJALENGKA,41,ORANG,JANUARI,2021
222,32,JAWA BARAT,3274,KOTA CIREBON,LAIN-LAIN,66,ORANG,JANUARI,2021
223,32,JAWA BARAT,3274,KOTA CIREBON,KOTA CIREBON,254,ORANG,FEBRUARI,2021
224,32,JAWA BARAT,3274,KOTA CIREBON,KAB CIREBON,518,ORANG,FEBRUARI,2021
225,32,JAWA BARAT,3274,KOTA CIREBON,KUNINGAN,74,ORANG,FEBRUARI,2021
226,32,JAWA BARAT,3274,KOTA CIREBON,INDRAMAYU,91,ORANG,FEBRUARI,2021
227,32,JAWA BARAT,3274,KOTA CIREBON,MAJALENGKA,61,ORANG,FEBRUARI,2021
228,32,JAWA BARAT,3274,KOTA CIREBON,LAIN-LAIN,49,ORANG,FEBRUARI,2021
229,32,JAWA BARAT,3274,KOTA CIREBON,KOTA CIREBON,394,ORANG,MARET,2021
230,32,JAWA BARAT,3274,KOTA CIREBON,KAB CIREBON,684,ORANG,MARET,2021
231,32,JAWA BARAT,3274,KOTA CIREBON,KUNINGAN,60,ORANG,MARET,2021
232,32,JAWA BARAT,3274,KOTA CIREBON,INDRAMAYU,113,ORANG,MARET,2021
233,32,JAWA BARAT,3274,KOTA CIREBON,MAJALENGKA,59,ORANG,MARET,2021
234,32,JAWA BARAT,3274,KOTA CIREBON,LAIN-LAIN,45,ORANG,MARET,2021
235,32,JAWA BARAT,3274,KOTA CIREBON,KOTA CIREBON,378,ORANG,APRIL,2021
236,32,JAWA BARAT,3274,KOTA CIREBON,KAB CIREBON,656,ORANG,APRIL,2021
237,32,JAWA BARAT,3274,KOTA CIREBON,KUNINGAN,77,ORANG,APRIL,2021
238,32,JAWA BARAT,3274,KOTA CIREBON,INDRAMAYU,121,ORANG,APRIL,2021
239,32,JAWA BARAT,3274,KOTA CIREBON,MAJALENGKA,64,ORANG,APRIL,2021
240,32,JAWA BARAT,3274,KOTA CIREBON,LAIN-LAIN,39,ORANG,APRIL,2021
241,32,JAWA BARAT,3274,KOTA CIREBON,KOTA CIREBON,374,ORANG,MEI,2021
242,32,JAWA BARAT,3274,KOTA CIREBON,KAB CIREBON,746,ORANG,MEI,2021
243,32,JAWA BARAT,3274,KOTA CIREBON,KUNINGAN,75,ORANG,MEI,2021
244,32,JAWA BARAT,3274,KOTA CIREBON,INDRAMAYU,118,ORANG,MEI,2021
245,32,JAWA BARAT,3274,KOTA CIREBON,MAJALENGKA,57,ORANG,MEI,2021
246,32,JAWA BARAT,3274,KOTA CIREBON,LAIN-LAIN,55,ORANG,MEI,2021
247,32,JAWA BARAT,3274,KOTA CIREBON,KOTA CIREBON,382,ORANG,JUNI,2021
248,32,JAWA BARAT,3274,KOTA CIREBON,KAB CIREBON,745,ORANG,JUNI,2021
249,32,JAWA BARAT,3274,KOTA CIREBON,KUNINGAN,75,ORANG,JUNI,2021
250,32,JAWA BARAT,3274,KOTA CIREBON,INDRAMAYU,95,ORANG,JUNI,2021
251,32,JAWA BARAT,3274,KOTA CIREBON,MAJALENGKA,61,ORANG,JUNI,2021
252,32,JAWA BARAT,3274,KOTA CIREBON,LAIN-LAIN,66,ORANG,JUNI,2021
253,32,JAWA BARAT,3274,KOTA CIREBON,KOTA CIREBON,455,ORANG,JULI,2021
254,32,JAWA BARAT,3274,KOTA CIREBON,KAB CIREBON,540,ORANG,JULI,2021
255,32,JAWA BARAT,3274,KOTA CIREBON,KUNINGAN,63,ORANG,JULI,2021
256,32,JAWA BARAT,3274,KOTA CIREBON,INDRAMAYU,76,ORANG,JULI,2021
257,32,JAWA BARAT,3274,KOTA CIREBON,MAJALENGKA,67,ORANG,JULI,2021
258,32,JAWA BARAT,3274,KOTA CIREBON,LAIN-LAIN,78,ORANG,JULI,2021
259,32,JAWA BARAT,3274,KOTA CIREBON,KOTA CIREBON,330,ORANG,AGUSTUS,2021
260,32,JAWA BARAT,3274,KOTA CIREBON,KAB CIREBON,506,ORANG,AGUSTUS,2021
261,32,JAWA BARAT,3274,KOTA CIREBON,KUNINGAN,73,ORANG,AGUSTUS,2021
262,32,JAWA BARAT,3274,KOTA CIREBON,INDRAMAYU,67,ORANG,AGUSTUS,2021
263,32,JAWA BARAT,3274,KOTA CIREBON,MAJALENGKA,46,ORANG,AGUSTUS,2021
264,32,JAWA BARAT,3274,KOTA CIREBON,LAIN-LAIN,36,ORANG,AGUSTUS,2021
265,32,JAWA BARAT,3274,KOTA CIREBON,KOTA CIREBON,279,ORANG,SEPTEMBER,2021
266,32,JAWA BARAT,3274,KOTA CIREBON,KAB CIREBON,532,ORANG,SEPTEMBER,2021
267,32,JAWA BARAT,3274,KOTA CIREBON,KUNINGAN,83,ORANG,SEPTEMBER,2021
268,32,JAWA BARAT,3274,KOTA CIREBON,INDRAMAYU,88,ORANG,SEPTEMBER,2021
269,32,JAWA BARAT,3274,KOTA CIREBON,MAJALENGKA,60,ORANG,SEPTEMBER,2021
270,32,JAWA BARAT,3274,KOTA CIREBON,LAIN-LAIN,47,ORANG,SEPTEMBER,2021
271,32,JAWA BARAT,3274,KOTA CIREBON,KOTA CIREBON,322,ORANG,OKTOBER,2021
272,32,JAWA BARAT,3274,KOTA CIREBON,KAB CIREBON,490,ORANG,OKTOBER,2021
273,32,JAWA BARAT,3274,KOTA CIREBON,KUNINGAN,79,ORANG,OKTOBER,2021
274,32,JAWA BARAT,3274,KOTA CIREBON,INDRAMAYU,90,ORANG,OKTOBER,2021
275,32,JAWA BARAT,3274,KOTA CIREBON,MAJALENGKA,66,ORANG,OKTOBER,2021
276,32,JAWA BARAT,3274,KOTA CIREBON,LAIN-LAIN,42,ORANG,OKTOBER,2021
277,32,JAWA BARAT,3274,KOTA CIREBON,KOTA CIREBON,319,ORANG,NOVEMBER,2021
278,32,JAWA BARAT,3274,KOTA CIREBON,KAB CIREBON,623,ORANG,NOVEMBER,2021
279,32,JAWA BARAT,3274,KOTA CIREBON,KUNINGAN,79,ORANG,NOVEMBER,2021
280,32,JAWA BARAT,3274,KOTA CIREBON,INDRAMAYU,95,ORANG,NOVEMBER,2021
281,32,JAWA BARAT,3274,KOTA CIREBON,MAJALENGKA,58,ORANG,NOVEMBER,2021
282,32,JAWA BARAT,3274,KOTA CIREBON,LAIN-LAIN,34,ORANG,NOVEMBER,2021
283,32,JAWA BARAT,3274,KOTA CIREBON,KOTA CIREBON,365,ORANG,DESEMBER,2021
284,32,JAWA BARAT,3274,KOTA CIREBON,KAB CIREBON,757,ORANG,DESEMBER,2021
285,32,JAWA BARAT,3274,KOTA CIREBON,KUNINGAN,89,ORANG,DESEMBER,2021
286,32,JAWA BARAT,3274,KOTA CIREBON,INDRAMAYU,86,ORANG,DESEMBER,2021
287,32,JAWA BARAT,3274,KOTA CIREBON,MAJALENGKA,48,ORANG,DESEMBER,2021
288,32,JAWA BARAT,3274,KOTA CIREBON,LAIN-LAIN,43,ORANG,DESEMBER,2021
